id,title,id_cate,categorySlug,gender,image1,price,slug,colors,size,descriptions,sale,active,image2
RRgDYh5cy7,Áo Tanktop Ba Lỗ Nam Thêu Chữ Form Fitted,erqewew,clothes,1,https://media.routine.vn/1200x1500/prod/product/10s25tto002-lightbrown-1-jpg-qqek.webp,274000,ao-thun-ba-lo-nam-hinh-theu-fitted-002,white,"S,M,L,XL","Áo tanktop ba lỗ nam thêu chữ form fitted mang đến phong cách thể thao khỏe khoắn kết hợp cùng nét hiện đại. Thiết kế đơn giản nhưng nổi bật với chi tiết thêu tinh tế, phù hợp để diện khi tập luyện, đi chơi hoặc trong các outfit mùa hè năng động.",0,1,https://media.routine.vn/1200x1500/prod/product/10s25tto002-lightbrown-1-jpg-qqek.webp
ktGIr2sjjq,Áo Khoác Bomber Nam Da Lộn Form Regular,erqewew,clothes,1,https://media.routine.vn/1200x1500/prod/variant/10f25jac005-white-sand-1-jpg-lih5.webp,785000,10f25jac005,white,"S,M,L,XL","Áo khoác bomber nam form regular mang đậm phong cách hiện đại pha chút cổ điển, dễ dàng trở thành điểm nhấn trong mọi outfit. Thiết kế dáng ngắn, bo gấu và cổ tay mang lại vẻ năng động, nam tính, phù hợp cho nhiều dịp từ đi làm, dạo phố đến những buổi gặp gỡ cuối tuần.",39,1,https://media.routine.vn/1200x1500/prod/variant/10f25jac005-white-sand-1-jpg-lih5.webp
A1OCYQq1Tr,Áo Khoác Bomber Nam Phối Rib Friend Club Regular,erqewew,clothes,1,https://media.routine.vn/1200x1500/prod/variant/10s25jac001-white-1-jpg-8akf.webp,736000,ao-khoac-bomber-nam-phoi-rib-in-sau-lung-regular-001,white,"S,M,L,XL","Áo khoác bomber nam phối rib form regular là lựa chọn lý tưởng cho phong cách năng động, cá tính nhưng vẫn giữ được sự gọn gàng và thoải mái. Thiết kế hiện đại với chi tiết bo rib ở cổ, tay và gấu áo tạo điểm nhấn nổi bật, phù hợp cho nhiều dịp sử dụng từ đi làm, đi học đến dạo phố.",0,1,https://media.routine.vn/1200x1500/prod/variant/10s25jac001-white-1-jpg-8akf.webp
LXfY62DYrR,Áo Khoác Bomber Nam Da Lộn Form Regular,erqewew,clothes,1,https://media.routine.vn/1200x1500/prod/variant/10f25jac005-white-sand-1-jpg-lih5.webp,785000,10f25jac005,white,"S,M,L,XL","Áo khoác bomber nam form regular mang đậm phong cách hiện đại pha chút cổ điển, dễ dàng trở thành điểm nhấn trong mọi outfit. Thiết kế dáng ngắn, bo gấu và cổ tay mang lại vẻ năng động, nam tính, phù hợp cho nhiều dịp từ đi làm, dạo phố đến những buổi gặp gỡ cuối tuần.",50,1,https://media.routine.vn/1200x1500/prod/variant/10f25jac005-white-sand-1-jpg-lih5.webp
3w6H9emCsZ,Áo Khoác Bomber Nam Phối Rib Friend Club Regular,erqewew,clothes,1,https://media.routine.vn/1200x1500/prod/variant/10s25jac001-white-1-jpg-8akf.webp,736000,ao-khoac-bomber-nam-phoi-rib-in-sau-lung-regular-001,white,"S,M,L,XL","Áo khoác bomber nam phối rib form regular là lựa chọn lý tưởng cho phong cách năng động, cá tính nhưng vẫn giữ được sự gọn gàng và thoải mái. Thiết kế hiện đại với chi tiết bo rib ở cổ, tay và gấu áo tạo điểm nhấn nổi bật, phù hợp cho nhiều dịp sử dụng từ đi làm, đi học đến dạo phố.",0,1,https://media.routine.vn/1200x1500/prod/variant/10s25jac001-white-1-jpg-8akf.webp
Zp9Os87jf0,Áo Dệt Kim Nữ Tay Ngắn Cổ Tròn Form Regular,erqewew,clothes,0,https://media.routine.vn/1200x1500/prod/variant/10f25kniw002-mint-1-jpg-8dh0.webp,422000,ao-det-kim-tay-ngan-nu-co-tron-regular-002,green,"S,M,L","Áo dệt kim tay ngắn nữ cổ tròn form regular là item lý tưởng dành cho những cô nàng yêu thích phong cách đơn giản, thanh lịch nhưng vẫn trẻ trung. Với thiết kế cổ tròn cơ bản, tay ngắn tiện dụng và bảng màu trung tính gồm mint và beige, sản phẩm dễ dàng kết hợp với nhiều trang phục khác nhau, từ chân váy đến quần jeans hay kaki.",0,1,https://media.routine.vn/1200x1500/prod/variant/10f25kniw002-mint-1-jpg-8dh0.webp
bFLyiFjYQk,Áo Polo Dệt Kim Nữ Tay Ngắn Form Regular,erqewew,clothes,0,https://media.routine.vn/1200x1500/prod/variant/10f25kniw003-pink-1-jpg-1rrf.webp,490000,ao-polo-det-kim-nu-tay-ngan-regular-003,pink,"S,M,L","Mẫu áo polo dệt kim nữ tay ngắn cổ polo là sự kết hợp tinh tế giữa phong cách thể thao và vẻ đẹp thanh lịch, hiện đại. Với thiết kế cổ bẻ đặc trưng cùng phần tay ngắn năng động, sản phẩm mang đến vẻ ngoài trẻ trung, dễ phối và phù hợp trong nhiều dịp từ đi học, đi làm đến dạo phố cuối tuần.",0,1,https://media.routine.vn/1200x1500/prod/variant/10f25kniw003-pink-1-jpg-1rrf.webp
5jfFlZK1dw,Áo Polo Nam Tay Ngắn Dệt Jacquard Form Fitted,erqewew,clothes,1,https://media.routine.vn/1200x1500/prod/variant/10f25pol017-dark-sapphire-1-jpg-zdp9.webp,589000,10f25pol017,blue,"S,M,L,XL,XXL","Áo polo nam tay ngắn phối tape này là một lựa chọn lý tưởng cho quý ông yêu thích sự kết hợp giữa phong cách hiện đại, tinh tế và sự thoải mái vượt trội.",0,1,https://media.routine.vn/1200x1500/prod/variant/10f25pol017-dark-sapphire-1-jpg-zdp9.webp
YXTAecfrvv,Áo Polo Nam Cotton Tay Ngắn Dệt Lưới Form Fitted,erqewew,clothes,1,https://media.routine.vn/1200x1500/prod/variant/10f25pol018-beige-1-jpg-9cu9.webp,589000,10f25pol018,brown,"S,M,L,XL,XXL","Áo polo nam tay ngắn phối tape này là một lựa chọn hoàn hảo cho phong cách trẻ trung, năng động và vẫn giữ được nét thanh lịch.",12,1,https://media.routine.vn/1200x1500/prod/variant/10f25pol018-beige-1-jpg-9cu9.webp
QtKoGwsnUT,Áo Polo Nam Tay Ngắn Cotton Phối Màu Form Loose,erqewew,clothes,1,https://media.routine.vn/1200x1500/prod/variant/10s25pol022-red-orche-tofu-1-jpg-ss6n.webp,540000,ao-polo-tay-ngan-nam-loose-022,red,"S,M,L,XL","Áo polo nam tay ngắn là lựa chọn hoàn hảo cho phong cách trẻ trung nhưng vẫn giữ được nét lịch sự. Với thiết kế cổ polo đặc trưng, sản phẩm phù hợp cho nhiều dịp khác nhau, từ đi làm, gặp gỡ bạn bè cho đến dạo phố hàng ngày.",38,1,https://media.routine.vn/1200x1500/prod/variant/10s25pol022-red-orche-tofu-1-jpg-ss6n.webp
T2dylgbP36,Áo Polo Nam Tay Ngắn Cotton Phối Viền Fitted,erqewew,clothes,1,https://media.routine.vn/1200x1500/prod/product/10s25pol013-dark-sapphire-1-jpg-57vp.webp,540000,ao-polo-tay-ngan-nam-phoi-co-va-nep-fitted-013,blue,"S,M,L,XL,XXL","Áo polo nam tay ngắn phối viền form fitted mang đến vẻ ngoài lịch sự nhưng vẫn trẻ trung, dễ dàng ứng dụng trong nhiều hoàn cảnh. Chi tiết phối viền tinh tế tạo điểm nhấn nổi bật, giúp outfit thêm phần cuốn hút.",0,1,https://media.routine.vn/1200x1500/prod/product/10s25pol013-dark-sapphire-1-jpg-57vp.webp
83dv05sI0q,Áo Polo Nam Tay Ngắn Dệt Jacquard Form Fitted,erqewew,clothes,1,https://media.routine.vn/1200x1500/prod/variant/10f25pol017-dark-sapphire-1-jpg-zdp9.webp,589000,10f25pol017,blue,"S,M,L,XL,XXL","Áo polo nam tay ngắn phối tape này là một lựa chọn lý tưởng cho quý ông yêu thích sự kết hợp giữa phong cách hiện đại, tinh tế và sự thoải mái vượt trội.",0,1,https://media.routine.vn/1200x1500/prod/variant/10f25pol017-dark-sapphire-1-jpg-zdp9.webp
oEiuKtTHiL,Áo Polo Nam Cotton Tay Ngắn Dệt Lưới Form Fitted,erqewew,clothes,1,https://media.routine.vn/1200x1500/prod/variant/10f25pol018-beige-1-jpg-9cu9.webp,589000,10f25pol018,brown,"S,M,L,XL,XXL","Áo polo nam tay ngắn phối tape này là một lựa chọn hoàn hảo cho phong cách trẻ trung, năng động và vẫn giữ được nét thanh lịch.",19,1,https://media.routine.vn/1200x1500/prod/variant/10f25pol018-beige-1-jpg-9cu9.webp
W2pTmRy94S,Áo Polo Nam Tay Ngắn Cotton Phối Màu Form Loose,erqewew,clothes,1,https://media.routine.vn/1200x1500/prod/variant/10s25pol022-red-orche-tofu-1-jpg-ss6n.webp,540000,ao-polo-tay-ngan-nam-loose-022,red,"S,M,L,XL","Áo polo nam tay ngắn là lựa chọn hoàn hảo cho phong cách trẻ trung nhưng vẫn giữ được nét lịch sự. Với thiết kế cổ polo đặc trưng, sản phẩm phù hợp cho nhiều dịp khác nhau, từ đi làm, gặp gỡ bạn bè cho đến dạo phố hàng ngày.",0,1,https://media.routine.vn/1200x1500/prod/variant/10s25pol022-red-orche-tofu-1-jpg-ss6n.webp
vMvfgiGD85,Áo Sơ Mi Tay Dài Nam Form Fitted,erqewew,clothes,1,https://media.routine.vn/1200x1500/prod/variant/10f25shl008-blue-1-jpg-6dvv.webp,589000,ao-so-mi-tay-dai-nam-fitted-008,blue,"S,M,L,XL,XXL","Áo sơ mi tay dài nam form fitted mang phong cách thanh lịch và tinh tế, là lựa chọn hoàn hảo cho môi trường công sở hoặc những dịp cần sự chỉn chu. Thiết kế cổ bẻ, hàng cúc cổ điển kết hợp với dáng ôm vừa vặn giúp tôn lên vóc dáng nam tính, tạo vẻ ngoài gọn gàng và hiện đại.",0,1,https://media.routine.vn/1200x1500/prod/variant/10f25shl008-blue-1-jpg-6dvv.webp
Fw1L6ts3xg,Áo Sơ Mi Nam Trắng Tay Dài Cafe Form Fitted,erqewew,clothes,1,https://media.routine.vn/1200x1500/prod/variant/10f25shl021-whitel-1-jpg-jp8f.webp,441000,ao-so-mi-tay-dai-nam-fitted-021,white,"S,M,L,XL,XXL","Chiếc áo sơ mi nam trắng dài tay này là một item không thể thiếu trong tủ đồ của quý ông, mang đến vẻ ngoài lịch lãm, hiện đại và tinh tế.",48,1,https://media.routine.vn/1200x1500/prod/variant/10f25shl021-whitel-1-jpg-jp8f.webp
CHeAZjwuUk,Áo Cuban Denim Nam Tay Ngắn Form Loose,erqewew,clothes,1,https://media.routine.vn/1200x1500/prod/variant/10s25dsh005-l-indigo-1-jpg-4wbv.webp,589000,ao-cuban-denim-tay-ngan-nam-loose-005,blue,"S,M,L,XL","Áo sơ mi Cuban denim nam tay ngắn form loose là lựa chọn hoàn hảo cho phong cách phóng khoáng và cá tính. Thiết kế cổ Cuban đặc trưng mang hơi thở retro hiện đại, kết hợp cùng chất liệu denim bền chắc, tạo nên một item vừa thoải mái vừa thời trang.",42,1,https://media.routine.vn/1200x1500/prod/variant/10s25dsh005-l-indigo-1-jpg-4wbv.webp
qikiFkK4Zb,Áo Sơ Mi Nam Tay Dài Cotton Túi Ngực Thêu Chữ,erqewew,clothes,1,https://media.routine.vn/1200x1500/prod/product/10s25shl030-white-1-jpg-pbn7.webp,540000,ao-so-mi-tay-dai-nam-theu-tui-loose-030,white,"S,M,L,XL","Áo sơ mi nam tay dài form loose mang phong cách trẻ trung, phóng khoáng với dáng rộng thoải mái. Thiết kế cổ điển dễ mặc, phù hợp cả đi làm lẫn đi chơi.",0,1,https://media.routine.vn/1200x1500/prod/product/10s25shl030-white-1-jpg-pbn7.webp
o9VbPV2rfx,Áo Sơ Mi Nam Ngắn Tay Cotton Kẻ Sọc Form Boxy,erqewew,clothes,1,https://media.routine.vn/1200x1500/prod/product/10s25shs007-blue-1-jpg-5r24.webp,490000,ao-so-mi-tay-ngan-nam-ke-soc-boxy-007,blue,"S,M,L","Áo sơ mi nam ngắn tay kẻ sọc form boxy mang phong cách trẻ trung, cá tính. Thiết kế kẻ sọc năng động, dễ phối cùng nhiều trang phục, phù hợp cho đi học, đi làm hay đi chơi.",0,1,https://media.routine.vn/1200x1500/prod/product/10s25shs007-blue-1-jpg-5r24.webp
ProYhdBdQC,Áo Sơ Mi Denim Sợi Chuối Tay Ngắn Form Fitted,erqewew,clothes,1,https://media.routine.vn/1200x1500/prod/variant/10s25dsh011-l-blue-1-jpg-uee7.webp,638000,10s25dsh011,blue,"S,M,L,XL",Mẫu áo sơ mi denim tay ngắn nam form fitted là lựa chọn hoàn hảo cho những ai yêu thích phong cách trẻ trung nhưng vẫn muốn giữ sự tinh tế và bền bỉ. Sản phẩm không chỉ nổi bật bởi chất liệu độc đáo mà còn mang đến trải nghiệm mặc thoải mái suốt cả ngày.,48,1,https://media.routine.vn/1200x1500/prod/variant/10s25dsh011-l-blue-1-jpg-uee7.webp
Yl1ZjDpf9s,Áo Sơ Mi Denim Sợi Chuối Tay Dài Form Fitted,erqewew,clothes,1,https://media.routine.vn/1200x1500/prod/variant/10s25dsh012-l-blue-1-jpg-7s8p.webp,687000,ao-so-mi-denim-soi-chuoi,blue,"S,M,L,XL",Mẫu áo sơ mi denim sợi chuối tay dài nam form fitted mang đến sự kết hợp hài hòa giữa phong cách cổ điển và chất liệu bền vững. Đây là item vừa mang tính ứng dụng cao vừa phù hợp xu hướng thời trang xanh hiện nay.,0,1,https://media.routine.vn/1200x1500/prod/variant/10s25dsh012-l-blue-1-jpg-7s8p.webp
Ag1wboWkrT,Áo Sơ Mi Nam Tay Dài Cotton Kẻ Sọc Green Loose,erqewew,clothes,1,https://media.routine.vn/1200x1500/prod/product/10s25shl010-green-1-jpg-3im4.webp,540000,ao-so-mi-tay-dai-nam-ke-soc-loose-010,green,"S,M,L,XL","Áo sơ mi nam tay dài kẻ sọc là lựa chọn hoàn hảo cho phong cách vừa lịch sự vừa trẻ trung. Với thiết kế kẻ sọc hiện đại, sản phẩm dễ dàng kết hợp cùng nhiều trang phục khác nhau, mang lại sự năng động và tinh tế.",0,1,https://media.routine.vn/1200x1500/prod/product/10s25shl010-green-1-jpg-3im4.webp
HB617mOgeC,Áo Sơ Mi Nam Dài Tay Cotton Fitted Tôn Dáng,erqewew,clothes,1,https://media.routine.vn/1200x1500/prod/variant/10f25shl011-blue-1-jpg-eaym.webp,589000,ao-so-mi-nam-dai-tay-cotton-fitted-ton-dang,blue,"S,M,L,XL,XXL","Mẫu áo sơ mi nam dài tay Cotton Fitted tôn dáng là sản phẩm được Routine thiết kế theo xu hướng thời trang hiện đại, mang phong cách lịch lãm nhưng vẫn trẻ trung và dễ phối đồ.",0,1,https://media.routine.vn/1200x1500/prod/variant/10f25shl011-blue-1-jpg-eaym.webp
JSM1sT39YP,Áo Sơ Mi Denim Nam Tay Dài Form Regular,erqewew,clothes,1,https://media.routine.vn/1200x1500/prod/product/10s25dsh004-l-indigo-1-jpg-8vv1.webp,569000,ao-so-mi-denim-nam-tay-dai-regular-004,blue,"S,M,L,XL","Áo sơ mi denim nam tay dài form regular mang phong cách mạnh mẽ, cá tính nhưng vẫn giữ được sự lịch lãm. Thiết kế cổ điển với dáng vừa vặn dễ mặc, phù hợp cho nhiều hoàn cảnh từ đi làm đến đi chơi.",0,1,https://media.routine.vn/1200x1500/prod/product/10s25dsh004-l-indigo-1-jpg-8vv1.webp
ahHmh8da7F,Áo Sơ Mi Tay Dài Nam Form Fitted,erqewew,clothes,1,https://media.routine.vn/1200x1500/prod/variant/10f25shl008-blue-1-jpg-6dvv.webp,589000,ao-so-mi-tay-dai-nam-fitted-008,blue,"S,M,L,XL,XXL","Áo sơ mi tay dài nam form fitted mang phong cách thanh lịch và tinh tế, là lựa chọn hoàn hảo cho môi trường công sở hoặc những dịp cần sự chỉn chu. Thiết kế cổ bẻ, hàng cúc cổ điển kết hợp với dáng ôm vừa vặn giúp tôn lên vóc dáng nam tính, tạo vẻ ngoài gọn gàng và hiện đại.",31,1,https://media.routine.vn/1200x1500/prod/variant/10f25shl008-blue-1-jpg-6dvv.webp
WhdtEfdBQI,Áo Sơ Mi Nam Trắng Tay Dài Cafe Form Fitted,erqewew,clothes,1,https://media.routine.vn/1200x1500/prod/variant/10f25shl021-whitel-1-jpg-jp8f.webp,441000,ao-so-mi-tay-dai-nam-fitted-021,white,"S,M,L,XL,XXL","Chiếc áo sơ mi nam trắng dài tay này là một item không thể thiếu trong tủ đồ của quý ông, mang đến vẻ ngoài lịch lãm, hiện đại và tinh tế.",31,1,https://media.routine.vn/1200x1500/prod/variant/10f25shl021-whitel-1-jpg-jp8f.webp
S2sYiH99J9,Áo Cuban Denim Nam Tay Ngắn Form Loose,erqewew,clothes,1,https://media.routine.vn/1200x1500/prod/variant/10s25dsh005-l-indigo-1-jpg-4wbv.webp,589000,ao-cuban-denim-tay-ngan-nam-loose-005,blue,"S,M,L,XL","Áo sơ mi Cuban denim nam tay ngắn form loose là lựa chọn hoàn hảo cho phong cách phóng khoáng và cá tính. Thiết kế cổ Cuban đặc trưng mang hơi thở retro hiện đại, kết hợp cùng chất liệu denim bền chắc, tạo nên một item vừa thoải mái vừa thời trang.",12,1,https://media.routine.vn/1200x1500/prod/variant/10s25dsh005-l-indigo-1-jpg-4wbv.webp
Fj0DHQVKEQ,Áo Sơ Mi Nam Tay Dài Cotton Túi Ngực Thêu Chữ,erqewew,clothes,1,https://media.routine.vn/1200x1500/prod/product/10s25shl030-white-1-jpg-pbn7.webp,540000,ao-so-mi-tay-dai-nam-theu-tui-loose-030,white,"S,M,L,XL","Áo sơ mi nam tay dài form loose mang phong cách trẻ trung, phóng khoáng với dáng rộng thoải mái. Thiết kế cổ điển dễ mặc, phù hợp cả đi làm lẫn đi chơi.",31,1,https://media.routine.vn/1200x1500/prod/product/10s25shl030-white-1-jpg-pbn7.webp
UBj4arj5WA,Áo Sơ Mi Nam Ngắn Tay Cotton Kẻ Sọc Form Boxy,erqewew,clothes,1,https://media.routine.vn/1200x1500/prod/product/10s25shs007-blue-1-jpg-5r24.webp,490000,ao-so-mi-tay-ngan-nam-ke-soc-boxy-007,blue,"S,M,L","Áo sơ mi nam ngắn tay kẻ sọc form boxy mang phong cách trẻ trung, cá tính. Thiết kế kẻ sọc năng động, dễ phối cùng nhiều trang phục, phù hợp cho đi học, đi làm hay đi chơi.",0,1,https://media.routine.vn/1200x1500/prod/product/10s25shs007-blue-1-jpg-5r24.webp
16lf4EDAXX,Áo Sơ Mi Nữ Tay Dài Cotton Đứng Form Có Dây Rút,erqewew,clothes,0,https://media.routine.vn/1200x1500/prod/variant/10f25shlw016-pink-1-jpg-iz4c.webp,490000,ao-so-mi-tay-dai-nu-regular-016,pink,"XS,S,M,L","Áo sơ mi tay dài nữ form regular là item không thể thiếu trong tủ đồ của những cô nàng theo đuổi phong cách thanh lịch và tối giản. Với thiết kế cơ bản, dễ phối và phù hợp cho nhiều dịp, mẫu áo này mang lại vẻ ngoài chỉnh chu mà vẫn đầy nữ tính.",44,1,https://media.routine.vn/1200x1500/prod/variant/10f25shlw016-pink-1-jpg-iz4c.webp
xIw9FAnoa4,Áo Sơ Mi Nữ Ngắn Tay Cotton Vải Gân Vạt Bo Tròn,erqewew,clothes,0,https://media.routine.vn/1200x1500/prod/variant/10s25shsw005-pink-1-jpg-i257.webp,490000,ao-so-mi-tay-ngan-nu-vai-texture-loose-005,pink,"XS,S,M,L","Mẫu áo sơ mi tay ngắn nữ vải texture form loose mang đến vẻ đẹp nhẹ nhàng, hiện đại và dễ mặc cho nhiều hoàn cảnh. Bề mặt vải texture tạo điểm nhấn tinh tế, giúp trang phục trở nên nổi bật hơn mà vẫn giữ sự tối giản, thanh lịch.",0,1,https://media.routine.vn/1200x1500/prod/variant/10s25shsw005-pink-1-jpg-i257.webp
r6JN2Rncw2,Áo Sơ Mi Nữ Tay Dài Cotton Kẻ Sọc Dọc Túi Ngực,erqewew,clothes,0,https://media.routine.vn/1200x1500/prod/variant/10f25shlw002-blue-white-1-jpg-jhx6.webp,471000,ao-so-mi-nu-tay-dai-ke-soc-doc-02,blue,"XS,S,M,L","Mẫu áo sơ mi nữ tay dài đến từ Routine được thiết kế theo xu hướng thời trang hiện đại, mang đến sự tinh tế và thanh lịch trong từng đường nét. Với sự sáng tạo trong kiểu dáng và màu sắc, sản phẩm dễ dàng phối cùng nhiều items khác, giúp bạn biến hóa linh hoạt trong phong cách hằng ngày",0,1,https://media.routine.vn/1200x1500/prod/variant/10f25shlw002-blue-white-1-jpg-jhx6.webp
XTqSiPTCUA,Áo Thun Tanktop Nam Sát Nách Cotton Form Loose,erqewew,clothes,1,https://media.routine.vn/1200x1500/prod/product/10s25tto003-white-1-jpg-b2m4.webp,373000,ao-thun-ba-lo-nam-loose-003,white,"S,M,L,XL","Áo thun tanktop nam sát nách là lựa chọn lý tưởng cho phong cách năng động, khỏe khoắn. Thiết kế đơn giản nhưng tinh tế, dễ dàng phối hợp cùng quần jeans, short hoặc jogger, phù hợp cả khi đi tập luyện lẫn dạo phố.",46,1,https://media.routine.vn/1200x1500/prod/product/10s25tto003-white-1-jpg-b2m4.webp
dYlYS4Sp9X,Áo Thun Nam Tay Ngắn Cotton Cổ V Phối Viền In Chữ,erqewew,clothes,1,https://media.routine.vn/1200x1500/prod/variant/10s25tss026-white-alyssum-1-jpg-gd3b.webp,471000,ao-thun-tay-ngan-nam-co-v-loose-026,white,"S,M,L,XL","Áo thun nam tay ngắn form loose là lựa chọn thoải mái và hiện đại dành cho nam giới trong mọi hoạt động thường ngày. Với thiết kế trẻ trung, dễ phối đồ, sản phẩm mang đến sự năng động và phong cách.",0,1,https://media.routine.vn/1200x1500/prod/variant/10s25tss026-white-alyssum-1-jpg-gd3b.webp
3i4eOeB5fR,Áo Thun Nam Tay Ngắn Thêu Chữ Trước Ngực Fitted,erqewew,clothes,1,https://media.routine.vn/1200x1500/prod/product/10s25tss030-mint-1-jpg-ltv2.webp,343000,ao-thun-tay-ngan-nam-theu-fitted-030,green,"S,M,L,XL,XXL","Áo thun nam tay ngắn form fitted là lựa chọn hoàn hảo cho những ai yêu thích phong cách gọn gàng, năng động. Với thiết kế cơ bản nhưng tinh tế, chiếc áo dễ dàng kết hợp với nhiều trang phục khác nhau, phù hợp cho cả đi làm lẫn đi chơi.",46,1,https://media.routine.vn/1200x1500/prod/product/10s25tss030-mint-1-jpg-ltv2.webp
uDUq3CDDcF,Áo Thun Nam Tay Ngắn Cotton Thêu Chữ Phối Viền Cổ,erqewew,clothes,1,https://media.routine.vn/1200x1500/prod/variant/10s25tss027-white-alyssum-1-jpg-h06f.webp,471000,ao-thun-tay-ngan-nam-phoi-co-loose-027,white,"S,M,L,XL","Áo thun nam tay ngắn phối viền cổ mang đến phong cách trẻ trung, năng động với điểm nhấn đường viền tinh tế ở cổ áo. Thiết kế đơn giản nhưng hiện đại, dễ dàng phối với nhiều loại quần khác nhau, từ jeans, khaki đến short, phù hợp cho cả đi làm, đi học và dạo phố.",0,1,https://media.routine.vn/1200x1500/prod/variant/10s25tss027-white-alyssum-1-jpg-h06f.webp
I9DDxB9VAJ,Áo Thun Nam Tay Ngắn Cotton Hình In Ngực Trái,erqewew,clothes,1,https://media.routine.vn/1200x1500/prod/product/10s25tss024-green-1-jpg-poh8.webp,373000,10s25tss024,blue,"S,M,L,XL","Áo thun nam tay ngắn với điểm nhấn miếng patch ở ngực trái mang đến phong cách trẻ trung và cá tính. Thiết kế tối giản nhưng tinh tế, dễ dàng tạo ấn tượng và phù hợp với nhiều phong cách thời trang từ thường ngày đến streetwear hiện đại.",0,1,https://media.routine.vn/1200x1500/prod/product/10s25tss024-green-1-jpg-poh8.webp
5eRhCOWZwr,Áo Thun Nam Tay Ngắn Cotton Phối Viền Tay Và Cổ,erqewew,clothes,1,https://media.routine.vn/1200x1500/prod/product/10s25tss023-tofu-1-jpg-h2cw.webp,392000,ao-thun-tay-ngan-nam-phoi-rib-fitted-023,white,"S,M,L,XL,XXL","Áo thun nam tay ngắn phối viền tay và cổ form fitted là lựa chọn hoàn hảo cho phong cách trẻ trung và hiện đại. Thiết kế viền màu tương phản ở cổ và tay áo tạo điểm nhấn tinh tế, giúp chiếc áo trở nên nổi bật hơn so với dáng thun basic thường thấy. Đây là item dễ mặc, phù hợp để đi làm, đi chơi hay dạo phố thường ngày.",16,1,https://media.routine.vn/1200x1500/prod/product/10s25tss023-tofu-1-jpg-h2cw.webp
zCwDMJaEeb,Áo Thun Nam Tay Ngắn Cổ Tròn Sọc Ngang Form Fitted,erqewew,clothes,1,https://media.routine.vn/1200x1500/prod/product/10s25tss039-black-white-1-jpg-8vw0.webp,392000,ao-thun-tay-ngan-nam-soc-ngang-fitted-039,black,"S,M,L,XL,XXL","Mẫu áo thun nam tay ngắn cổ tròn là sản phẩm chất lượng cao được Routine chăm chút kỹ lưỡng từ khâu chọn chất liệu đến sản xuất. Với thiết kế tinh tế và hiện đại, chiếc áo không chỉ mang lại sự thoải mái khi mặc mà còn giúp phái mạnh tự tin hơn trong mọi hoàn cảnh.",18,1,https://media.routine.vn/1200x1500/prod/product/10s25tss039-black-white-1-jpg-8vw0.webp
HDgozhD2V8,"Áo Thun Nam Tay Ngắn Cotton ""Friend Club"" Fitted",erqewew,clothes,1,https://media.routine.vn/1200x1500/prod/product/10s25tss022-vapor-blue-1-jpg-8amz.webp,343000,ao-thun-tay-ngan-nam-co-hinh-in-fitted-022,blue,"S,M,L,XL,XXL","Áo thun nam tay ngắn thêu chữ ""Friend Club"" form fitted mang lại sự trẻ trung và năng động cho phong cách thường ngày. Thiết kế tối giản kết hợp cùng chi tiết thêu chữ tinh tế ở mặt trước, tạo điểm nhấn nổi bật nhưng vẫn giữ được sự thanh lịch. Đây là mẫu áo dễ mặc, phù hợp từ đi chơi, dạo phố đến gặp gỡ bạn bè.",32,1,https://media.routine.vn/1200x1500/prod/product/10s25tss022-vapor-blue-1-jpg-8amz.webp
uuZF27f6oN,Áo Thun Tanktop Nam Sát Nách Cotton Form Loose,erqewew,clothes,1,https://media.routine.vn/1200x1500/prod/product/10s25tto003-white-1-jpg-b2m4.webp,373000,ao-thun-ba-lo-nam-loose-003,white,"S,M,L,XL","Áo thun tanktop nam sát nách là lựa chọn lý tưởng cho phong cách năng động, khỏe khoắn. Thiết kế đơn giản nhưng tinh tế, dễ dàng phối hợp cùng quần jeans, short hoặc jogger, phù hợp cả khi đi tập luyện lẫn dạo phố.",0,1,https://media.routine.vn/1200x1500/prod/product/10s25tto003-white-1-jpg-b2m4.webp
AeTrsVSI4P,Áo Thun Nam Tay Ngắn Cotton Cổ V Phối Viền In Chữ,erqewew,clothes,1,https://media.routine.vn/1200x1500/prod/variant/10s25tss026-white-alyssum-1-jpg-gd3b.webp,471000,ao-thun-tay-ngan-nam-co-v-loose-026,white,"S,M,L,XL","Áo thun nam tay ngắn form loose là lựa chọn thoải mái và hiện đại dành cho nam giới trong mọi hoạt động thường ngày. Với thiết kế trẻ trung, dễ phối đồ, sản phẩm mang đến sự năng động và phong cách.",0,1,https://media.routine.vn/1200x1500/prod/variant/10s25tss026-white-alyssum-1-jpg-gd3b.webp
k0P1oUYVJl,Áo Thun Nam Tay Ngắn Thêu Chữ Trước Ngực Fitted,erqewew,clothes,1,https://media.routine.vn/1200x1500/prod/product/10s25tss030-mint-1-jpg-ltv2.webp,343000,ao-thun-tay-ngan-nam-theu-fitted-030,green,"S,M,L,XL,XXL","Áo thun nam tay ngắn form fitted là lựa chọn hoàn hảo cho những ai yêu thích phong cách gọn gàng, năng động. Với thiết kế cơ bản nhưng tinh tế, chiếc áo dễ dàng kết hợp với nhiều trang phục khác nhau, phù hợp cho cả đi làm lẫn đi chơi.",10,1,https://media.routine.vn/1200x1500/prod/product/10s25tss030-mint-1-jpg-ltv2.webp
fDcMZgOG99,Áo Thun Nam Tay Ngắn Cotton Thêu Chữ Phối Viền Cổ,erqewew,clothes,1,https://media.routine.vn/1200x1500/prod/variant/10s25tss027-white-alyssum-1-jpg-h06f.webp,471000,ao-thun-tay-ngan-nam-phoi-co-loose-027,white,"S,M,L,XL","Áo thun nam tay ngắn phối viền cổ mang đến phong cách trẻ trung, năng động với điểm nhấn đường viền tinh tế ở cổ áo. Thiết kế đơn giản nhưng hiện đại, dễ dàng phối với nhiều loại quần khác nhau, từ jeans, khaki đến short, phù hợp cho cả đi làm, đi học và dạo phố.",0,1,https://media.routine.vn/1200x1500/prod/variant/10s25tss027-white-alyssum-1-jpg-h06f.webp
jEcIU90mUo,Áo Thun Nam Tay Ngắn Cotton Hình In Ngực Trái,erqewew,clothes,1,https://media.routine.vn/1200x1500/prod/product/10s25tss024-green-1-jpg-poh8.webp,373000,10s25tss024,blue,"S,M,L,XL","Áo thun nam tay ngắn với điểm nhấn miếng patch ở ngực trái mang đến phong cách trẻ trung và cá tính. Thiết kế tối giản nhưng tinh tế, dễ dàng tạo ấn tượng và phù hợp với nhiều phong cách thời trang từ thường ngày đến streetwear hiện đại.",0,1,https://media.routine.vn/1200x1500/prod/product/10s25tss024-green-1-jpg-poh8.webp
nGZGIdvNFQ,Áo Polo Slimme Phối Nút Tay Dài Form Fitted,erqewew,clothes,0,https://media.routine.vn/1200x1500/prod/variant/10f25polw003-melange-gray-1-jpg-lwal.webp,372400,ao-thun-tay-dai-nu-co-be-fitted-003,gray,"S,M,L","Áo thun nữ tay dài cổ bẻ mang phong cách thanh lịch và hiện đại, vừa tạo nét chỉn chu vừa giữ được sự trẻ trung năng động. Thiết kế cổ bẻ tinh tế giúp chiếc áo dễ dàng ứng dụng trong nhiều hoàn cảnh, từ đi làm, dạo phố đến gặp gỡ bạn bè.",16,1,https://media.routine.vn/1200x1500/prod/variant/10f25polw003-melange-gray-1-jpg-lwal.webp
RmUPzVG7jV,Áo Polo Slimme Diễu Tay Form Fitted,erqewew,clothes,0,https://media.routine.vn/1200x1500/prod/variant/10f25polw001-green-lily-1-jpg-ouez.webp,325850,ao-polo-tay-ngan-nu-fitted-cropped-001,green,"S,M,L","Áo thun nữ cổ polo viền xoắn mang nét trẻ trung và nữ tính, nổi bật với chi tiết viền xoắn ở tay áo tạo điểm nhấn tinh tế. Thiết kế croptop hiện đại, dễ dàng kết hợp cùng quần jeans, chân váy hoặc quần short cho phong cách năng động, thời thượng.",0,1,https://media.routine.vn/1200x1500/prod/variant/10f25polw001-green-lily-1-jpg-ouez.webp
2qKkRZmxKk,Áo Thun Nữ Tay Ngắn Cotton Thêu Ngực Trái Regular,erqewew,clothes,0,https://media.routine.vn/1200x1500/prod/variant/10f25tssw015-snow-white-1-jpg-zrmj.webp,245000,ao-thun-tay-ngan-nu-theu-regular-015,white,"XS,S,M,L","Áo thun tay ngắn nữ thêu nhỏ là lựa chọn lý tưởng cho những ai yêu thích sự đơn giản nhưng vẫn muốn tạo điểm nhấn tinh tế trong trang phục hàng ngày. Với họa tiết thêu nhỏ gọn, tinh xảo ở phần ngực, mang lại cảm giác nhẹ nhàng, dễ thương và phù hợp với nhiều phong cách khác nhau.",0,1,https://media.routine.vn/1200x1500/prod/variant/10f25tssw015-snow-white-1-jpg-zrmj.webp
sVuJiHVvW1,Áo Thun Nữ Tay Ngắn Cotton Rút Hai Bên Together,erqewew,clothes,0,https://media.routine.vn/1200x1500/prod/variant/10s25tssw042-beige-1-jpg-7vis.webp,343000,ao-thun-tay-ngan-nu-hinh-in-fitted-042,brown,"S,M,L","Mẫu áo thun tay ngắn nữ hình in nhún eo hai bên form fitted là lựa chọn lý tưởng cho những ai yêu thích phong cách nữ tính nhưng vẫn năng động. Thiết kế nhún eo hai bên giúp tạo điểm nhấn và tôn dáng, kết hợp cùng họa tiết in bắt mắt mang lại sự trẻ trung, nổi bật.",0,1,https://media.routine.vn/1200x1500/prod/variant/10s25tssw042-beige-1-jpg-7vis.webp
Oh0Sq58TpD,Áo Thun Nữ Tay Ngắn Cotton Phối Ren Tay Fitted,erqewew,clothes,0,https://media.routine.vn/1200x1500/prod/variant/10s25tssw043-melange-grey-1-jpg-ou7p.webp,324000,ao-thun-tay-ngan-nu-phoi-ren-fitted-043,gray,"S,M,L","Mẫu áo thun tay ngắn nữ phối ren form fitted mang đến sự kết hợp hài hòa giữa vẻ đẹp nữ tính và sự thoải mái hàng ngày. Thiết kế phối ren tinh tế tạo điểm nhấn duyên dáng, giúp trang phục trở nên nổi bật và sang trọng hơn.",37,1,https://media.routine.vn/1200x1500/prod/variant/10s25tssw043-melange-grey-1-jpg-ou7p.webp
Rd3RfyrJTp,Áo Thun Nữ Tay Ngắn Cotton Thêu Icon Form Regular,erqewew,clothes,0,https://media.routine.vn/1200x1500/prod/variant/10f25tssw014-pink-1-jpg-jpry.webp,274000,ao-thun-tay-ngan-nu-theu-regular-014,pink,"XS,S,M,L,XL","Áo thun tay ngắn nữ thêu trái tim là một thiết kế đơn giản nhưng đầy tinh tế, mang lại nét dễ thương và trẻ trung cho người mặc. Điểm nhấn của áo nằm ở chi tiết thêu trái tim nổi bật trước ngực, tạo điểm nhấn nhẹ nhàng nhưng cuốn hút, phù hợp cho các bạn gái yêu thích phong cách tối giản mà vẫn có cá tính.",0,1,https://media.routine.vn/1200x1500/prod/variant/10f25tssw014-pink-1-jpg-jpry.webp
YYBIlO5tx4,Áo Thun Nữ Crop Tay Ngắn Cotton Thêu Chữ Regular,erqewew,clothes,0,https://media.routine.vn/1200x1500/prod/variant/10f25tssw016-white-sand-2-jpg-cteb.webp,274000,ao-thun-nu-crop-tay-ngan-cotton-theu-chu-regular-016,pink,"XS,S,M,L","Mẫu áo thun nữ crop tay ngắn form regular mang phong cách trẻ trung, năng động và dễ phối đồ, là lựa chọn hoàn hảo cho những cô nàng yêu thích sự đơn giản nhưng vẫn muốn tạo điểm nhấn hiện đại. Thiết kế crop ngắn vừa phải giúp tôn dáng và tạo hiệu ứng đôi chân dài hơn.",38,1,https://media.routine.vn/1200x1500/prod/variant/10f25tssw016-white-sand-2-jpg-cteb.webp
g31EStKJVN,Chân Váy Ngắn Nữ Dệt Kim Xếp Ly Cạp Rộng,erqewew,clothes,0,https://media.routine.vn/1200x1500/prod/variant/flatlay-29079966-1-jpg-crxu.webp,471000,chan-vay-ngan-nu-det-kim-nu-xep-ly-cap-rong-015,gray,"XS,S,M,L","Chân váy ngắn nữ dệt kim mang phong cách trẻ trung và nữ tính, dễ dàng phối cùng áo thun, áo sơ mi hoặc áo dệt kim để tạo nhiều outfit đa dạng. Thiết kế đơn giản nhưng tinh tế, phù hợp cho cả đi học, đi làm và đi chơi.",0,1,https://media.routine.vn/1200x1500/prod/variant/flatlay-29079966-1-jpg-crxu.webp
hjnjEOIV66,Chân Váy Denim Nữ Dài Ôm Nhẹ Hông Form Flared,erqewew,clothes,0,https://media.routine.vn/1200x1500/prod/variant/10f25dskw005-off-white-1-jpg-xscp.webp,569000,chan-vay-denim-nu-flared-005,white,"XS,S,M,L","Mẫu chân váy denim nữ dài form flared là sản phẩm thời trang cao cấp được đội ngũ thiết kế Routine chăm chút tỉ mỉ trong từng đường kim mũi chỉ, chú trọng đến cả những chi tiết nhỏ nhất.",0,1,https://media.routine.vn/1200x1500/prod/variant/10f25dskw005-off-white-1-jpg-xscp.webp
5WuqCNI7Zu,Chân Váy Denim Nữ Dài Xẻ Tà Lệch Form Straight,erqewew,clothes,0,https://media.routine.vn/1200x1500/prod/variant/10s25dskw004-dnavy-1-jpg-hnx8.webp,638000,chan-vay-denim-nu-xe-lech-straight-004,blue,"XS,S,M,L","Mẫu chân váy denim nữ xẻ lệch form straight là item thời trang nổi bật với thiết kế hiện đại và cá tính. Với điểm nhấn là đường xẻ lệch tinh tế, sản phẩm giúp tôn lên đôi chân và tạo hiệu ứng dáng thon gọn hơn. Dễ dàng phối cùng áo thun, sơ mi hay áo croptop, chân váy mang lại phong cách vừa trẻ trung vừa năng động.",41,1,https://media.routine.vn/1200x1500/prod/variant/10s25dskw004-dnavy-1-jpg-hnx8.webp
v8W5yTusRL,Chân Váy Nữ Cotton Lưng Thun Hai Lớp Aline,erqewew,clothes,0,https://media.routine.vn/1200x1500/prod/product/10s25skiw006r1-pink-1-jpg-elib.webp,569000,chan-vay-nu-lung-thun-hai-lop-aline-6r1,pink,"XS,S,M,L","Chân váy nữ dài lưng thun hai lớp mang thiết kế thanh lịch và nữ tính, dễ dàng kết hợp trong nhiều hoàn cảnh. Với phần lưng chun thoải mái cùng lớp lót tinh tế, sản phẩm mang lại sự tiện dụng và sự tự tin khi mặc.",0,1,https://media.routine.vn/1200x1500/prod/product/10s25skiw006r1-pink-1-jpg-elib.webp
Yhil3I6VFu,Chân Váy Denim Nữ Dài Ôm Nhẹ Hông Form Flared,erqewew,clothes,0,https://media.routine.vn/1200x1500/prod/variant/10f25dskw005-off-white-1-jpg-xscp.webp,569000,chan-vay-denim-nu-flared-005,white,"XS,S,M,L","Mẫu chân váy denim nữ dài form flared là sản phẩm thời trang cao cấp được đội ngũ thiết kế Routine chăm chút tỉ mỉ trong từng đường kim mũi chỉ, chú trọng đến cả những chi tiết nhỏ nhất.",0,1,https://media.routine.vn/1200x1500/prod/variant/10f25dskw005-off-white-1-jpg-xscp.webp
0iNs52TB20,Chân Váy Denim Nữ Ngắn Thắt Lưng Form A Line,erqewew,clothes,0,https://media.routine.vn/1200x1500/prod/variant/10s25dskw005-lindigo-1-jpg-nlzl.webp,520000,chan-vay-ngan-denim-nu-that-lung-a-line-005,blue,"XS,S,M,L","Chân váy ngắn denim nữ thắt lưng form A-line là item thời trang trẻ trung, phù hợp với nhiều phong cách từ năng động đến nữ tính. Thiết kế dáng váy chữ A kết hợp cùng chi tiết thắt lưng tạo điểm nhấn nổi bật, tôn dáng người mặc và dễ dàng phối đồ.",18,1,https://media.routine.vn/1200x1500/prod/variant/10s25dskw005-lindigo-1-jpg-nlzl.webp
MSpF374Oor,Chân Váy Nữ Dài Xếp Ly 2 Lớp Mềm Mịn Form A Line,erqewew,clothes,0,https://media.routine.vn/1200x1500/prod/variant/10s25skiw004-olive-1-jpg-vr68.webp,667000,chan-vay-nu-xep-ly-a-line-004,green,"XS,S,M,L","Mẫu chân váy nữ xếp ly form A-line mang đến vẻ đẹp nữ tính và thanh lịch, phù hợp cho nhiều hoàn cảnh từ đi làm, dạo phố cho đến dự tiệc nhẹ. Các đường xếp ly mềm mại tạo hiệu ứng bồng bềnh, tôn dáng và giúp chuyển động của người mặc thêm uyển chuyển.",0,1,https://media.routine.vn/1200x1500/prod/variant/10s25skiw004-olive-1-jpg-vr68.webp
XkV3LiW8Ik,Chân Váy Nữ Denim Tái Chế Form Straight,erqewew,clothes,0,https://media.routine.vn/1200x1500/prod/media/10f24dskw005-blue-vay-jean-nu-1-jpg-o1xh.webp,540000,chan-vay-jean-nu-straight-5,blue,"S,M,L",Mẫu chân váy jean nữ straight là sản phẩm chất lượng cao được Routine trau chuốt kỹ lưỡng từ khâu chọn chất liệu đến quá trình sản xuất để tạo ra sản phẩm chất lượng giúp người mặc cảm thấy tự tin hơn.,0,1,https://media.routine.vn/1200x1500/prod/media/10f24dskw005-blue-vay-jean-nu-1-jpg-o1xh.webp
xW2Di4k9BH,Quần Short Nam Coffee Lovers 5 Dây Rút Form Loose,erqewew,clothes,1,https://media.routine.vn/1200x1500/prod/product/10s25pks001-brown-rice-1-jpg-j7go.webp,490000,quan-short-nam-day-rut-loose-001,brown,"S,M,L,XL","Mẫu quần short nam với thiết kế tối giản và tinh gọn, sản phẩm dễ dàng kết hợp với nhiều trang phục khác nhau, tạo ra đa dạng phong cách.",33,1,https://media.routine.vn/1200x1500/prod/product/10s25pks001-brown-rice-1-jpg-j7go.webp
E0kHXpEShP,Đầm Nữ Sơ Mi Cotton Tay Ngắn Rút Dây Regular,erqewew,clothes,0,https://media.routine.vn/1200x1500/prod/product/10s25drew005-grey-1-jpg-2anc.webp,618000,dam-so-mi-tay-ngan-nu-regular-005,gray,"XS,S,M,L","Đầm nữ sơ mi tay ngắn rút dây mang đến vẻ ngoài thanh lịch nhưng vẫn trẻ trung, phù hợp nhiều hoàn cảnh.",28,1,https://media.routine.vn/1200x1500/prod/product/10s25drew005-grey-1-jpg-2anc.webp
Zj1kyLthfW,Đầm Thun Slimme Cổ Polo Phối Viền Form Regular,erqewew,clothes,0,https://media.routine.vn/1200x1500/prod/variant/10f25drew003-grey-melange-1-jpg-49xy.webp,638000,10f25drew003,gray,"XS,S,M,L","Đầm thun tay ngắn nữ cổ polo form regular mang đến vẻ đẹp thanh lịch xen lẫn nét năng động hiện đại. Thiết kế cổ polo kinh điển kết hợp cùng chất vải thun co giãn nhẹ, giúp người mặc cảm thấy thoải mái nhưng vẫn giữ được phom dáng gọn gàng, tinh tế. Đây là lựa chọn lý tưởng cho những ngày dạo phố, đi làm hoặc gặp gỡ bạn bè.",0,1,https://media.routine.vn/1200x1500/prod/variant/10f25drew003-grey-melange-1-jpg-49xy.webp
AkRVqKGLDE,Đầm Thun Nữ Tay Ngắn Cotton Dáng Suông,erqewew,clothes,0,https://media.routine.vn/1200x1500/prod/variant/10s25drew002-grey-1-jpg-zdvo.webp,490000,dam-thun-tay-ngan-nu-regular-002,gray,"XS,S,M,L","Mẫu đầm thun nữ tay ngắn form regular là lựa chọn hoàn hảo cho những cô nàng yêu thích sự đơn giản, thoải mái nhưng vẫn không kém phần nữ tính. Với thiết kế trẻ trung, dễ mặc và dễ phối cùng phụ kiện, chiếc đầm này phù hợp để diện đi làm, đi chơi hay dạo phố cuối tuần.",0,1,https://media.routine.vn/1200x1500/prod/variant/10s25drew002-grey-1-jpg-zdvo.webp
jf65uF9pHL,"Áo Thun Nam Tay Ngắn Cotton ""Friend Club"" Cổ Tròn",erqewew,clothes,1,https://media.routine.vn/1200x1500/prod/product/10s25tss029-lunar-rock-1-jpg-pvbl.webp,274400,10s25tss029,gray,"S,M,L,XL","Áo thun nam tay ngắn in chữ ""Friend Club"" form loose mang phong cách trẻ trung, cá tính với điểm nhấn chữ in nổi bật ở mặt trước. Thiết kế đơn giản, dễ mặc, thích hợp cho nhiều hoạt động hằng ngày từ đi chơi, dạo phố cho đến các buổi tụ họp bạn bè.",0,1,https://media.routine.vn/1200x1500/prod/product/10s25tss029-lunar-rock-1-jpg-pvbl.webp
IvvsQnclJx,"Áo Thun Nam Tay Ngắn Cotton ""Friend Club"" Cổ Tròn",erqewew,clothes,1,https://media.routine.vn/1200x1500/prod/product/10s25tss029-lunar-rock-1-jpg-pvbl.webp,274400,10s25tss029,gray,"S,M,L,XL","Áo thun nam tay ngắn in chữ ""Friend Club"" form loose mang phong cách trẻ trung, cá tính với điểm nhấn chữ in nổi bật ở mặt trước. Thiết kế đơn giản, dễ mặc, thích hợp cho nhiều hoạt động hằng ngày từ đi chơi, dạo phố cho đến các buổi tụ họp bạn bè.",39,1,https://media.routine.vn/1200x1500/prod/product/10s25tss029-lunar-rock-1-jpg-pvbl.webp
LQBj4WxoqM,Đầm Dài Sơ Mi Nữ Tay Ngắn Kẻ Sọc Form Loose,erqewew,clothes,0,https://media.routine.vn/1200x1500/prod/media/10s24drew007-yellow-dam-nu-ngan-tay-1-jpg-kdy5.webp,199000,10s24drew007,yellow,"XS,S,M,L",Mẫu đầm dài sơ mi nữ tay ngắn kẻ sọc polyester form loose là sản phẩm được các tín đồ thời trang yêu thích với vẻ đẹp hiện đại và trẻ trung với kiểu dáng thiết kế thời thượng.,31,1,https://media.routine.vn/1200x1500/prod/media/10s24drew007-yellow-dam-nu-ngan-tay-1-jpg-kdy5.webp
eGSvTboAYP,Chân Váy Midi Dài Lưng Thun Form A Line,erqewew,clothes,0,https://media.routine.vn/1200x1500/prod/media/10f24skiw006-black-chan-vay-nu-1-jpg-nivq.webp,446600,10f24skiw006,black,"XS,S,M,L","Mẫu chân váy midi lưng thun là sản phẩm được các tín đồ thời trang yêu thích nhờ vẻ đẹp hiện đại và trẻ trung, cùng kiểu dáng thiết kế thời thượng.",0,1,https://media.routine.vn/1200x1500/prod/media/10f24skiw006-black-chan-vay-nu-1-jpg-nivq.webp
3cWBuB6JqD,Đầm Thun Chữ A Sát Nách Cotton Trơn Form A Line,erqewew,clothes,0,https://media.routine.vn/1200x1500/prod/media/10s24drew001-tea-dam-thun-nu-sat-nach-1-jpg-ukfi.webp,490000,dam-thun-nu-sat-nach-aline,brown,"XS,S,M,L",Mẫu đầm nữ chữ a sát nách thun 100% cotton trơn form a line là sản phẩm được các tín đồ thời trang yêu thích với vẻ đẹp hiện đại và trẻ trung với kiểu dáng thiết kế thời thượng.,37,1,https://media.routine.vn/1200x1500/prod/media/10s24drew001-tea-dam-thun-nu-sat-nach-1-jpg-ukfi.webp
ncL3jFhnUq,"Quần Short Nam Basic Mềm Mịn, Đứng Form Straight",erqewew,clothes,1,https://media.routine.vn/1200x1500/prod/product/10s25psh014-beige-1-jpg-gug9.webp,294000,10s25psh014,brown,"S,M,L,XL,XXL","Quần short nam basic mềm mịn form straight mang phong cách tối giản, dễ mặc và phù hợp với nhiều hoạt động thường ngày. Thiết kế đơn giản nhưng tinh tế, giúp người mặc thoải mái kết hợp cùng áo thun, polo hoặc sơ mi để tạo nên outfit năng động.",24,1,https://media.routine.vn/1200x1500/prod/product/10s25psh014-beige-1-jpg-gug9.webp
tdfxb8HhmK,Đầm Thun Slimme Raglan Xẻ Trước Form Fitted,erqewew,clothes,0,https://media.routine.vn/1200x1500/prod/variant/10f25drew001-narcreous-cloud-1-jpg-y19x.webp,513000,dam-thun-slimme-kieu-xe-truoc-a-line-001,gray,"XS,S,M,L","Đầm thun slim A-line kiểu xẻ trước mang đến vẻ đẹp nữ tính và hiện đại. Thiết kế dáng A nhẹ nhàng, kết hợp chi tiết xẻ trước tinh tế giúp tôn dáng và tạo điểm nhấn nổi bật. Phù hợp để diện đi làm, đi chơi hoặc hẹn hò, vừa thanh lịch vừa quyến rũ.",15,1,https://media.routine.vn/1200x1500/prod/variant/10f25drew001-narcreous-cloud-1-jpg-y19x.webp
OoIIC9rfF6,Đầm Thun Slimme Raglan Xẻ Trước Form Fitted,erqewew,clothes,0,https://media.routine.vn/1200x1500/prod/variant/10f25drew001-narcreous-cloud-1-jpg-y19x.webp,513000,dam-thun-slimme-kieu-xe-truoc-a-line-001,gray,"XS,S,M,L","Đầm thun slim A-line kiểu xẻ trước mang đến vẻ đẹp nữ tính và hiện đại. Thiết kế dáng A nhẹ nhàng, kết hợp chi tiết xẻ trước tinh tế giúp tôn dáng và tạo điểm nhấn nổi bật. Phù hợp để diện đi làm, đi chơi hoặc hẹn hò, vừa thanh lịch vừa quyến rũ.",0,1,https://media.routine.vn/1200x1500/prod/variant/10f25drew001-narcreous-cloud-1-jpg-y19x.webp
qipzBkudLb,Đầm Thun Slimme Tay Dài Cổ Thuyền Diễu Eo Form A Line,erqewew,clothes,0,https://media.routine.vn/1200x1500/prod/media/10f24drew011-deep-black-1-dam-nu-jpg-cfc4.webp,559550,dam-thun-nu-tay-dai-a-line-011,black,"XS,S,M,L",Mẫu đầm thun nữ tay dài là sản phẩm chất lượng cao được Routine trau chuốt kỹ lưỡng từ khâu chọn chất liệu đến quá trình sản xuất để tạo ra sản phẩm chất lượng giúp người mặc cảm thấy tự tin hơn.,0,1,https://media.routine.vn/1200x1500/prod/media/10f24drew011-deep-black-1-dam-nu-jpg-cfc4.webp
5uLXAwsbzK,Đầm Thun Slimme Tay Cánh Dơi Diễu Eo Form A Line,erqewew,clothes,0,https://media.routine.vn/1200x1500/prod/variant/10f24drew005-cherry-mahogany-1-dam-nu-jpg-vy79-webp-hgkx.webp,513000,dam-tay-coc-xep-ly-trang-tri-form-a-line-005,brown,"XS,S,M,L","Mẫu đầm tay cộc xếp ly trang trí form a line là món đồ thời trang được rất nhiều bạn trẻ yêu thích trong thời gian gần đây. Với thiết kế hiện đại, đa dạng kiểu dáng và tone màu đặc trưng, sản phẩm giúp người mặc tạo nên nhiều phong cách mới lạ.",0,1,https://media.routine.vn/1200x1500/prod/variant/10f24drew005-cherry-mahogany-1-dam-nu-jpg-vy79-webp-hgkx.webp
sds1Sil85k,Quần Denim Nam Xanh Đậm Form Straight Cropped,erqewew,clothes,1,https://media.routine.vn/1200x1500/prod/variant/10s25dpa026-d-indigo-1-jpg-ja2h.webp,490000,quan-denim-nam-xanh-dam-form-straight-cropped-026,blue,"S,M,L,XL","Quần denim nam xanh đậm form straight cropped mang phong cách trẻ trung, hiện đại với thiết kế ống đứng lửng trên mắt cá. Tông màu xanh đậm dễ mặc, tạo cảm giác gọn gàng và nam tính, thích hợp để mặc cả đi làm, đi học hay dạo phố.",32,1,https://media.routine.vn/1200x1500/prod/variant/10s25dpa026-d-indigo-1-jpg-ja2h.webp
KKQYWQG5IK,Quần Denim Nam Dài Form Cocoon Rộng Rãi,erqewew,clothes,1,https://media.routine.vn/1200x1500/prod/product/10s25dpa015-d-navy-1-jpg-u695.webp,569000,quan-denim-nam-nhan-vai-chinh-cocoon-015,blue,"S,M,L,XL","Quần denim nam dài form cocoon mang đến phong cách trẻ trung và hiện đại, phù hợp với nhiều hoàn cảnh từ đi làm, dạo phố đến các buổi hẹn cùng bạn bè. Thiết kế đơn giản nhưng tinh tế, dễ dàng kết hợp với nhiều kiểu áo khác nhau.",0,1,https://media.routine.vn/1200x1500/prod/product/10s25dpa015-d-navy-1-jpg-u695.webp
xtXNEcDUyB,Quần Denim Nam Dài Nhãn Vải Straight,erqewew,clothes,1,https://media.routine.vn/1200x1500/prod/product/10s25dpa008-m-indigo-1-jpg-d12w.webp,589000,quan-denim-nam-nhan-vai-chinh-straight-008,blue,"S,M,L,XL","Mẫu quần denim nam đính nhãn vải mang phong cách trẻ trung và năng động, là lựa chọn hoàn hảo cho những ai yêu thích sự đơn giản nhưng vẫn muốn có điểm nhấn riêng. Thiết kế cơ bản dễ phối cùng nhiều kiểu áo, phù hợp cho cả đi làm lẫn đi chơi.",0,1,https://media.routine.vn/1200x1500/prod/product/10s25dpa008-m-indigo-1-jpg-d12w.webp
jPSUn51UA8,Quần Denim Nam Ống Đứng Nhãn Vải,erqewew,clothes,1,https://media.routine.vn/1200x1500/prod/product/10s25dpa012-m-blue-1-jpg-4urt.webp,569000,quan-denim-nam-nhan-vai-chinh-straight-cropped-012,blue,"S,M,L,XL","Quần denim nam ống đứng nhãn vải form straight cropped mang đến phong cách trẻ trung, năng động nhưng vẫn giữ được nét cổ điển vốn có của denim. Điểm nhấn nhãn vải tinh tế giúp thiết kế trở nên khác biệt, phù hợp cho những ai yêu thích sự tối giản nhưng vẫn muốn tạo dấu ấn riêng. Chiều dài cropped tạo hiệu ứng gọn gàng, dễ dàng phối cùng nhiều kiểu giày khác nhau.",0,1,https://media.routine.vn/1200x1500/prod/product/10s25dpa012-m-blue-1-jpg-4urt.webp
ID5sj4xS6N,Quần Denim Nữ Dáng Rộng Form Cocoon Đường May Dọc,erqewew,clothes,0,https://media.routine.vn/1200x1500/prod/variant/10s25dpaw023-white-1-jpg-wk1o.webp,589000,quan-denim-nu-cocoon-023,white,"XS,S,M,L","Quần denim nữ dáng rộng mang phong cách trẻ trung và cá tính, tạo cảm giác thoải mái, năng động khi mặc. Thiết kế đơn giản nhưng hiện đại, dễ dàng kết hợp cùng áo thun, áo sơ mi hoặc crop top để tạo nhiều phong cách khác nhau.",0,1,https://media.routine.vn/1200x1500/prod/variant/10s25dpaw023-white-1-jpg-wk1o.webp
G8boJMvh9F,Quần Denim Nữ Túi Hộp Trước Ống Đứng Form Straight,erqewew,clothes,0,https://media.routine.vn/1200x1500/prod/variant/10f25dpaw041-mindigo-1-jpg-cdgi.webp,589000,10f25dpaw041,blue,"XS,S,M,L","Quần denim nữ túi đắp form straight là item không thể thiếu trong tủ đồ của các cô gái yêu thích phong cách năng động, cá tính và thời thượng. Với thiết kế đơn giản nhưng nổi bật nhờ chi tiết túi đắp ấn tượng, sản phẩm dễ dàng phối hợp cùng nhiều kiểu áo khác nhau để tạo nên những outfit đa dạng, từ trẻ trung thường ngày đến phá cách cá tính.",50,1,https://media.routine.vn/1200x1500/prod/variant/10f25dpaw041-mindigo-1-jpg-cdgi.webp
Y2FQnUsAdI,Quần Jeans Nữ Kẻ Sọc Lưng Liền Ống Rộng Đứng Phom,erqewew,clothes,0,https://media.routine.vn/1200x1500/prod/variant/10s25dpaw027-white-blue-1-jpg-d0qf.webp,618000,quan-jeans-nu-soc-relax-027,blue,"S,M,L","Quần jeans nữ form relax họa tiết sọc là item thời trang độc đáo, tạo điểm nhấn mới lạ cho phong cách thường ngày. Với thiết kế rộng rãi và thoải mái, kết hợp cùng họa tiết sọc nổi bật, sản phẩm mang lại vẻ ngoài cá tính và hiện đại cho người mặc.",13,1,https://media.routine.vn/1200x1500/prod/variant/10s25dpaw027-white-blue-1-jpg-d0qf.webp
wBdTuh9qxw,Quần Denim Nữ Xanh Đậm Ống Đứng Form Straight,erqewew,clothes,0,https://media.routine.vn/1200x1500/prod/product/10s25dpaw004-d-navy-1-jpg-cmxs.webp,569000,10s25dpaw004,blue,"XS,S,M,L","Quần denim nữ xanh đậm ống đứng mang phong cách basic, dễ mặc và dễ phối đồ. Tông màu xanh đậm thanh lịch kết hợp dáng ống đứng cổ điển giúp tôn dáng và tạo cảm giác gọn gàng.",0,1,https://media.routine.vn/1200x1500/prod/product/10s25dpaw004-d-navy-1-jpg-cmxs.webp
czhSPjYhX2,Quần Denim Nữ Trơn Ống Đứng Form Straight,erqewew,clothes,0,https://media.routine.vn/1200x1500/prod/product/10s25dpaw003-white-1-jpg-cdsg.webp,589000,quan-denim-nu-straigh-t003,white,"XS,S,M,L","Quần denim nữ trơn ống đứng là item cơ bản nhưng luôn mang lại sự trẻ trung và dễ mặc. Thiết kế tối giản, không chi tiết thừa, giúp chiếc quần trở thành lựa chọn lý tưởng cho nhiều phong cách khác nhau.",0,1,https://media.routine.vn/1200x1500/prod/product/10s25dpaw003-white-1-jpg-cdsg.webp
2g8MW9CoOh,Quần Jeans Nữ Ống Đứng Thêu Trái Tym Form Straight,erqewew,clothes,0,https://media.routine.vn/1200x1500/prod/media/10f24dpaw034-l-indigo-quan-jean-nu-1-jpg-bmih.webp,540000,quan-jeans-nu-straight-cropped-034-r1,blue,"XS,S,M,L","Mẫu quần jeans nữ ống đứng thêu trái tim mang phong cách nữ tính xen lẫn chút cá tính, là item hoàn hảo cho những cô nàng yêu thích sự tinh tế trong từng chi tiết. Thiết kế ống đứng cổ điển giúp tôn dáng tự nhiên, dễ phối với nhiều kiểu áo khác nhau, từ áo sơ mi thanh lịch đến áo thun năng động.",11,1,https://media.routine.vn/1200x1500/prod/media/10f24dpaw034-l-indigo-quan-jean-nu-1-jpg-bmih.webp
RvVc6BlMgB,Quần Jeans Nữ Form Cocoon Đường May Dọc Nổi Bật,erqewew,clothes,0,https://media.routine.vn/1200x1500/prod/product/10f24pcaw001r1-white-alyssum-1-jpg-jx49.webp,589000,quan-jeans-nu-cocoon-001r1,white,"XS,S,M,L","Mẫu quần khaki nữ dài form quần cocoon là sản phẩm được thiết kế với nhiều form dáng và kiểu mẫu khác nhau, phù hợp với đa dạng dáng người.",42,1,https://media.routine.vn/1200x1500/prod/product/10f24pcaw001r1-white-alyssum-1-jpg-jx49.webp
fuXQpLEc2T,Quần Kaki Nam Dài Cotton Dáng Ôm Form Slim,erqewew,clothes,1,https://media.routine.vn/1200x1500/prod/variant/10s25pca012-white-sand-1-jpg-7edl.webp,589000,quan-khaki-nam-lung-lien-slim-012,white,"S,M,L,XL,XXL","Mẫu quần kaki nam lưng liền form slim là item lý tưởng dành cho phái mạnh theo đuổi phong cách tối giản, hiện đại nhưng vẫn lịch thiệp. Với thiết kế trơn, tinh tế cùng gam màu trung tính dễ phối đồ, chiếc quần phù hợp trong cả môi trường công sở lẫn những buổi gặp gỡ thường ngày.",0,1,https://media.routine.vn/1200x1500/prod/variant/10s25pca012-white-sand-1-jpg-7edl.webp
Bv6YP0Gjvh,Quần Kaki Nam Dài Cotton Spandex Dáng Ôm Form Slim,erqewew,clothes,1,https://media.routine.vn/1200x1500/prod/product/10s25pca015-moon-struck-1-jpg-8q9c.webp,589000,quan-khaki-nam-slim-cropped-015,gray,"S,M,L,XL,XXL","Quần kaki nam dài dáng ôm form slim là lựa chọn hoàn hảo cho những ai yêu thích phong cách thanh lịch nhưng vẫn muốn giữ sự thoải mái khi mặc. Với thiết kế tinh gọn, chiếc quần giúp tôn dáng và mang lại vẻ ngoài chỉn chu, phù hợp cho cả đi làm, đi chơi hay gặp gỡ bạn bè.",0,1,https://media.routine.vn/1200x1500/prod/product/10s25pca015-moon-struck-1-jpg-8q9c.webp
g1y3Qz87Vw,Quần Dài Kaki Nam Cotton Form Slim Dáng Ôm,erqewew,clothes,1,https://media.routine.vn/1200x1500/prod/variant/10s25pca001-beige-1-jpg-qvjc.webp,569000,quan-dai-khaki-nam-slim-001,brown,"S,M,L,XL,XXL",Chất liệu Cotton Spandex: Quần được làm từ sự pha trộn tinh tế giữa Cotton và Spandex.,21,1,https://media.routine.vn/1200x1500/prod/variant/10s25pca001-beige-1-jpg-qvjc.webp
7GcLKvXlAb,Quần Dài Kaki Nam Cotton Co Giãn Form Slim Crop,erqewew,clothes,1,https://media.routine.vn/1200x1500/prod/product/10f24pca039-tofu-1-jpg-twnj.webp,589000,quan-dai-khaki-nam-vai-dobby-co-gian-slim-cropped-039,white,"S,M,L,XL,XXL","Quần dài kaki nam co giãn form slim crop mang đến vẻ ngoài hiện đại và trẻ trung với thiết kế gọn gàng, chiều dài lửng trên mắt cá. Kiểu dáng linh hoạt, dễ phối cùng áo sơ mi, áo polo hoặc áo thun để tạo nên nhiều phong cách khác nhau từ công sở đến dạo phố.",0,1,https://media.routine.vn/1200x1500/prod/product/10f24pca039-tofu-1-jpg-twnj.webp
jSu4JpAmP7,Quần Dài Kaki Nữ Túi Hộp Lưng Thun Form Loose,erqewew,clothes,0,https://media.routine.vn/1200x1500/prod/variant/10s25pcaw010-beige-1-jpg-o6ze.webp,638000,quan-dai-khaki-nu-loose-010,brown,"XS,S,M,L","Quần dài khaki nữ lưng chun túi hộp form loose là thiết kế mang đậm phong cách năng động và cá tính, phù hợp với nhiều hoạt động thường ngày. Với phần túi hộp nổi bật và lưng chun linh hoạt, sản phẩm mang đến sự tiện dụng tối đa mà vẫn đảm bảo yếu tố thời trang.",28,1,https://media.routine.vn/1200x1500/prod/variant/10s25pcaw010-beige-1-jpg-o6ze.webp
YDKcFI7hoM,Quần Short Nam Trơn Thể Thao Form Straight,erqewew,clothes,1,https://media.routine.vn/1200x1500/prod/product/10s25psha001-grey-1-jpg-dxwg.webp,196000,10s25psha001,gray,"S,M,L,XL,XXL","Quần short nam trơn thể thao mang thiết kế đơn giản, năng động, phù hợp cho các hoạt động thường ngày cũng như tập luyện. Với gam màu trơn dễ phối, sản phẩm dễ dàng kết hợp cùng áo thun, áo polo hoặc tanktop để tạo nên phong cách khỏe khoắn, trẻ trung.",13,1,https://media.routine.vn/1200x1500/prod/product/10s25psha001-grey-1-jpg-dxwg.webp
iRhR7Hal0L,Quần Short Nam Cotton Lưng Thun In Chữ Form Relax,erqewew,clothes,1,https://media.routine.vn/1200x1500/prod/variant/10s25pks003-moon-beam-1-jpg-enk5.webp,392000,quan-short-nam-in-chu-relax-003,yellow,"S,M,L,XL,XXL","Quần short nam lưng chun form relax là item mang lại sự thoải mái và tiện dụng cho những hoạt động thường ngày. Thiết kế trẻ trung, dễ mặc, phù hợp cho cả dạo phố, đi chơi hay các hoạt động ngoài trời.",0,1,https://media.routine.vn/1200x1500/prod/variant/10s25pks003-moon-beam-1-jpg-enk5.webp
acFR9W2WlH,Quần Short Nam Denim Basic Form Straight,erqewew,clothes,1,https://media.routine.vn/1200x1500/prod/product/10s25dps010-beige-1-jpg-5vxg.webp,441000,quan-short-denim-nam-straight-010,brown,"S,M,L,XL,XXL","Quần short denim nam form straight mang lại vẻ ngoài gọn gàng, năng động với thiết kế cơ bản, dễ ứng dụng trong nhiều hoàn cảnh. Kiểu dáng tối giản nhưng vẫn giữ được sự nam tính, trẻ trung.",45,1,https://media.routine.vn/1200x1500/prod/product/10s25dps010-beige-1-jpg-5vxg.webp
Lj9l7M3LSH,Quần Short Nam Nylon Form Straight,erqewew,clothes,1,https://media.routine.vn/1200x1500/prod/product/10s25psh007-black-quan-short-nam-1-jpg-mv9q.webp,441000,quan-short-nam-straight-07,black,"S,M,L,XL,XXL","Mẫu quần short nam form straight là sản phẩm thời trang cao cấp được Routine chăm chút tỉ mỉ từ thiết kế đến sản xuất, item này là lựa chọn hoàn hảo để đồng hành cùng bạn trong việc chinh phục mọi phong cách thời trang hàng ngày.",18,1,https://media.routine.vn/1200x1500/prod/product/10s25psh007-black-quan-short-nam-1-jpg-mv9q.webp
ukFVTqpzXF,Quần Short Kaki Nam Trơn Form Straight,erqewew,clothes,1,https://media.routine.vn/1200x1500/prod/product/10s25psh001-london-1-jpg-h5mn.webp,520000,quan-short-khaki-nam-straight-01,gray,"S,M,L,XL,XXL","Quần short kaki nam trơn mang phong cách đơn giản, dễ phối đồ, phù hợp nhiều hoàn cảnh từ đi chơi đến dạo phố.",29,1,https://media.routine.vn/1200x1500/prod/product/10s25psh001-london-1-jpg-h5mn.webp
FJqBSU0fvT,Quần Short Nam Vải Gió Túi Khóa Kéo Relax,erqewew,clothes,1,https://media.routine.vn/1200x1500/prod/product/10s25psh050-agate-grey-1-jpg-zdfq.webp,343000,quan-short-nam-vai-gio-tui-khoa-keo-relax-50,gray,"S,M,L,XL,XXL","Quần short nam vải dù túi khóa kéo form relax mang phong cách năng động, tiện dụng cho những hoạt động ngoài trời hoặc tập luyện thể thao. Thiết kế túi khóa kéo giúp cất giữ đồ dùng cá nhân an toàn và gọn gàng.",0,1,https://media.routine.vn/1200x1500/prod/product/10s25psh050-agate-grey-1-jpg-zdfq.webp
4Dm5NSVnED,Quần Short Nam Vải Texture Lưng Chun Loose,erqewew,clothes,1,https://media.routine.vn/1200x1500/prod/product/10s25psh051-tea-quan-short-nam-1-jpg-4ix2.webp,441000,10s25psh051,brown,"S,M,L,XL","Mẫu quần short nam vải texture lưng chun form loose là dòng sản phẩm thời trang cao cấp, được đội ngũ thiết kế Routine chăm chút tỉ mỉ trong từng đường kim mũi chỉ, chú trọng đến từng chi tiết dù là nhỏ nhất.",0,1,https://media.routine.vn/1200x1500/prod/product/10s25psh051-tea-quan-short-nam-1-jpg-4ix2.webp
dbM3KgGz3D,Quần Short Nam Denim Xanh Nhạt Form Loose,erqewew,clothes,1,https://media.routine.vn/1200x1500/prod/product/10s25dps008-l-indigo-1-jpg-izkk.webp,441000,quan-short-denim-nam-loose-008,blue,"S,M,L,XL,XXL","Quần short nam denim xanh nhạt mang đến phong cách trẻ trung, thoải mái và phóng khoáng. Thiết kế cơ bản với gam màu xanh nhạt hiện đại, dễ dàng ứng dụng trong nhiều hoàn cảnh từ dạo phố, đi chơi đến các hoạt động ngoài trời.",36,1,https://media.routine.vn/1200x1500/prod/product/10s25dps008-l-indigo-1-jpg-izkk.webp
H3kp9EdgiN,Quần Short Denim Nam Navy Form Loose,erqewew,clothes,1,https://media.routine.vn/1200x1500/prod/product/10s25dps005-d-indigo-2-jpg-r595.webp,471000,quan-short-denim-nam-loose-005,blue,"S,M,L,XL,XXL","Quần short denim nam form loose mang đến phong cách trẻ trung, thoải mái và dễ dàng phối đồ. Thiết kế tối giản nhưng vẫn tạo nét nam tính, năng động cho người mặc.",44,1,https://media.routine.vn/1200x1500/prod/product/10s25dps005-d-indigo-2-jpg-r595.webp
dNrpb5AeCq,Quần Short Nam Lưng Thun Cotton Poly Túi Khóa,erqewew,clothes,1,https://media.routine.vn/1200x1500/prod/media/10s25pks052-peyote-1-jpg-wtsx.webp,392000,quan-short-nam-lung-thun-cotton-poly-tui-khoa-052,brown,"S,M,L,XL","Mẫu quần short nam lưng chun túi khoá kéo loose là dòng sản phẩm thời trang cao cấp, được đội ngũ thiết kế Routine chăm chút tỉ mỉ trong từng đường kim mũi chỉ, chú trọng đến từng chi tiết dù là nhỏ nhất.",0,1,https://media.routine.vn/1200x1500/prod/media/10s25pks052-peyote-1-jpg-wtsx.webp
liJJVw6FAR,Quần Short Nữ Cotton Linen Xếp Ly Form Loose,erqewew,clothes,0,https://media.routine.vn/1200x1500/prod/variant/10s25pshw009-reseda-1-jpg-2ecy.webp,471000,quan-short-nu-xep-ly-loose-009,green,"XS,S,M,L","Quần short nữ xếp ly mang phong cách trẻ trung, hiện đại với điểm nhấn tinh tế ở phần ly xếp phía trước, tạo sự thanh lịch và tôn dáng. Đây là item dễ mặc, dễ phối, phù hợp cho cả đi làm lẫn đi chơi.",0,1,https://media.routine.vn/1200x1500/prod/variant/10s25pshw009-reseda-1-jpg-2ecy.webp
hBpnhTC4Tq,Quần Short Nữ Cotton Lưng Thun Thêu Chữ Form Relax,erqewew,clothes,0,https://media.routine.vn/1200x1500/prod/variant/10s25pksw003-off-white-1-jpg-t4b2.webp,343000,quan-short-nu-lung-thun-co-hinh-theu-relax-003,white,"XS,S,M,L","Quần short nữ lưng thun là item thoải mái và tiện dụng, phù hợp cho những ngày hè năng động. Thiết kế đơn giản, dễ mặc và dễ phối giúp bạn gái có thể kết hợp cùng nhiều kiểu áo khác nhau để tạo phong cách trẻ trung.",31,1,https://media.routine.vn/1200x1500/prod/variant/10s25pksw003-off-white-1-jpg-t4b2.webp
k0EMu31bd0,Quần Short Nữ Cotton Đứng Dáng Form Regular,erqewew,clothes,0,https://media.routine.vn/1200x1500/prod/product/10s25pshw001-tofu-1-jpg-gprd.webp,422000,quan-short-nu-straight-001,white,"XS,S,M,L","Quần short nữ đứng dáng mang phong cách thanh lịch và năng động, là lựa chọn hoàn hảo cho những ngày hè hoặc các hoạt động thường ngày. Thiết kế tối giản nhưng tinh tế, giúp tôn dáng và mang lại vẻ ngoài gọn gàng, trẻ trung. Sản phẩm dễ phối với áo thun, áo sơ mi hoặc áo croptop, phù hợp với nhiều phong cách khác nhau từ casual đến smart-casual.",50,1,https://media.routine.vn/1200x1500/prod/product/10s25pshw001-tofu-1-jpg-gprd.webp
b6MeFsC7yJ,Quần Short Nữ Xếp Ly Công Sở Form Loose,erqewew,clothes,0,https://media.routine.vn/1200x1500/prod/product/10f24pshw004-grey-melange-quan-short-nu-1-jpg-q3en.webp,441000,quan-short-xep-ly-trang-tri-loose-04,gray,"XS,S,M,L","Quần short nữ xếp ly công sở form loose mang phong cách thanh lịch nhưng vẫn trẻ trung, phù hợp mặc đi làm hay dạo phố. Thiết kế xếp ly tinh tế ở phía trước giúp tôn dáng và tạo điểm nhấn hiện đại.",0,1,https://media.routine.vn/1200x1500/prod/product/10f24pshw004-grey-melange-quan-short-nu-1-jpg-q3en.webp
Jf3Iqeb5Rn,Quần Short Nữ Ống Rộng Form Loose,erqewew,clothes,0,https://media.routine.vn/1200x1500/prod/product/10f24pshw002-black-quan-short-nu-1-jpg-qgjw.webp,441000,quan-short-nu-loose,black,"XS,S,M,L","Mẫu quần short nữ form loose là sản phẩm được thiết kế với nhiều form dáng và kiểu mẫu khác nhau, phù hợp với đa dạng dáng người.",0,1,https://media.routine.vn/1200x1500/prod/product/10f24pshw002-black-quan-short-nu-1-jpg-qgjw.webp
2YZgmXmkFC,Quần Tây Dài Nam Chất Đẹp Form Slim,erqewew,clothes,1,https://media.routine.vn/1200x1500/prod/variant/10s25pfo008-antarctica-1-jpg-6b46.webp,569000,quan-tay-dai-nam-slim-008,white,"S,M,L,XL,XXL","Quần tây dài nam form slim mang phong cách thanh lịch, hiện đại với dáng ôm vừa vặn, tôn dáng mà vẫn đảm bảo sự thoải mái. Thiết kế tối giản, dễ phối cùng áo sơ mi hoặc polo, phù hợp cho môi trường công sở, sự kiện hay đi chơi.",16,1,https://media.routine.vn/1200x1500/prod/variant/10s25pfo008-antarctica-1-jpg-6b46.webp
iGjhzoYXJR,Quần Tây Nam Thanh Lịch Tôn Dáng Form Slim,erqewew,clothes,1,https://media.routine.vn/1200x1500/prod/variant/10s25pfo012-navy-1-jpg-g601.webp,589000,quan-tay-dai-nam-slim-012,blue,"S,M,L,XL,XXL","Chiếc quần tây nam dài này là biểu tượng của sự tinh tế và đa năng, trở thành item ""linh hồn"" trong tủ quần áo của quý ông hiện đại, dễ dàng phối kể cả môi trường công sở nghiêm túc đến những buổi dạo phố cuối tuần.",0,1,https://media.routine.vn/1200x1500/prod/variant/10s25pfo012-navy-1-jpg-g601.webp
UcPycGjR9h,Quần Tây Nam Basic Nút Ẩn Co Giãn Nhẹ Form Slim,erqewew,clothes,1,https://media.routine.vn/1200x1500/prod/product/10s25pfo002-black-1-jpg-f2kr.webp,569000,quan-tay-dai-nam-slim-002,black,"S,M,L,XL,XXL","Mẫu quần tây dài nam form slim là một trong những sản phẩm nổi bật tại Routine, item này được rất nhiều bạn trẻ yêu thích và lựa chọn trong nhiều dịp.",0,1,https://media.routine.vn/1200x1500/prod/product/10s25pfo002-black-1-jpg-f2kr.webp
2GuTmBjq0k,Quần Tây Nam Nút Cài Giấu Form Slim,erqewew,clothes,1,https://media.routine.vn/1200x1500/prod/product/10s25pfo005-black-1-jpg-daex.webp,490000,quan-tay-dai-nam-slim_005,black,"S,M,L,XL,XXL","Quần tây nam nút cài giấu form slim mang phong cách thanh lịch và tinh tế, phù hợp cho môi trường công sở, sự kiện hay những dịp cần sự chỉn chu. Thiết kế cài nút giấu mang lại vẻ ngoài gọn gàng, hiện đại và sang trọng.",42,1,https://media.routine.vn/1200x1500/prod/product/10s25pfo005-black-1-jpg-daex.webp
X7WAszGFbf,Quần Dài Nữ Vải Linen Cotton Xếp Ly Ống Rộng,erqewew,clothes,0,https://media.routine.vn/1200x1500/prod/product/10s25pcaw004-natural-1-jpg-0bc8.webp,638000,quan-dai-nu-xep-ly-wide-leg004,white,"XS,S,M,L","Quần dài nữ xếp ly ống rộng mang phong cách thanh lịch và hiện đại, là lựa chọn hoàn hảo cho những cô nàng yêu thích sự thoải mái nhưng vẫn muốn giữ nét tinh tế. Thiết kế xếp ly phía trước kết hợp với dáng ống rộng giúp tôn dáng, tạo hiệu ứng đôi chân thon dài và dễ dàng mix cùng nhiều kiểu áo khác nhau.",0,1,https://media.routine.vn/1200x1500/prod/product/10s25pcaw004-natural-1-jpg-0bc8.webp
Psgdy5gMAJ,Áo Sơ Mi Nam Smart Shirt Tay Dài Kẻ Sọc Form Boxy,erqewew,clothes,1,https://media.routine.vn/1200x1500/prod/variant/10f25shl013-blue-1-jpg-0vo8.webp,540000,ao-so-mi-nam-smart-shirt-tay-dai-ke-soc-boxy-013,blue,"S,M,L","Mẫu áo sơ mi nam Smart Shirt tay dài kẻ sọc được thiết kế theo phong cách tối giản, tinh gọn nhưng vẫn toát lên sự hiện đại và cá tính. Đây là item dễ dàng phối hợp với nhiều trang phục khác nhau, giúp người mặc linh hoạt biến hóa từ phong cách thanh lịch đến trẻ trung, phóng khoáng.",0,1,https://media.routine.vn/1200x1500/prod/variant/10f25shl013-blue-1-jpg-0vo8.webp
